Name ,Age,Gender,Enter_time
,,,
,,,
,,,
,,,
,,,
,,,
,,,
,,,
,,,
,,,
,,,
,,,
,,,
,,,
,,,
,,,
,,,
,,,
,,,
,,,
,,,
,,,
,,,
,,,
,,,
,,,
image_119.jpg,26,Man,10:48:04.103556,,
image_125.jpg,25,Man,10:48:04.103556,,
image_0.jpg,29,Man,11:08:39.539778,,
image_0.jpg,27,Man,11:08:39.539778,,
image_0.jpg,24,Man,11:08:39.539778,,
image_0.jpg,26,Man,11:08:39.539778,,
image_0.jpg,28,Man,11:08:39.539778,,
image_0.jpg,27,Man,11:08:39.539778,,
image_0.jpg,26,Man,11:08:39.539778,,
image_0.jpg,28,Man,11:08:39.539778,,
image_0.jpg,27,Man,11:08:39.539778,,
image_0.jpg,29,Man,11:08:39.539778,,
image_0.jpg,31,Man,11:08:39.539778,,
image_0.jpg,26,Man,11:48:26.783428,,
